{"iter": 0, "train/loss": 4.287388801574707, "val/loss": 4.282275199890137, "lr": 0.0, "mfu": -100.0, "_timestamp": 1701218957.7168655, "_runtime": 30.539191484451294, "_step": 0, "_wandb": {"runtime": 49}}