{"iter": 6000, "train/loss": 0.9859372973442078, "val/loss": 1.4472602605819702, "lr": 0.0001, "mfu": 9.918846492639144, "_timestamp": 1696027534.0142133, "_runtime": 367.53828024864197, "_step": 24, "_wandb": {"runtime": 369}}