{"iter": 7000, "train/loss": 0.7660850286483765, "val/loss": 1.551763653755188, "lr": 0.0001, "mfu": 8.963758283378516, "_timestamp": 1696026458.8156948, "_runtime": 451.0953187942505, "_step": 28, "_wandb": {"runtime": 450}}