{"iter": 7000, "train/loss": 1.0347259044647217, "val/loss": 1.2035441398620605, "lr": 0.0001, "mfu": 8.40684980232392, "_timestamp": 1696059388.1920218, "_runtime": 491.82945585250854, "_step": 28, "_wandb": {"runtime": 491}}