{"iter": 7000, "train/loss": 1.408252239227295, "val/loss": 1.6571249961853027, "lr": 0.0001, "mfu": 6.053440404207668, "_timestamp": 1696025891.9164946, "_runtime": 471.7608165740967, "_step": 28, "_wandb": {"runtime": 471}}