{"iter": 7000, "train/loss": 0.843291699886322, "val/loss": 1.5087919235229492, "lr": 0.0001, "mfu": 9.077948055614229, "_timestamp": 1697832764.3321843, "_runtime": 458.565993309021, "_step": 28, "_wandb": {"runtime": 458}}