{"iter": 1750, "train/loss": 1.3571473360061646, "val/loss": 1.539107322692871, "lr": 0.002287004572805513, "mfu": 8.071199753950538, "_timestamp": 1696062064.5174296, "_runtime": 150.13719749450684, "_step": 7, "_wandb": {"runtime": 164}}