{"iter": 7000, "train/loss": 0.9832573533058167, "val/loss": 1.4678244590759277, "lr": 0.0001, "mfu": 8.928357999305907, "_timestamp": 1696025361.5825143, "_runtime": 447.22219729423523, "_step": 28, "_wandb": {"runtime": 446}}