{"iter": 7000, "train/loss": 0.9649136066436768, "val/loss": 1.4486148357391357, "lr": 0.0001, "mfu": 8.921865815399407, "_timestamp": 1696028078.7899387, "_runtime": 449.2408986091614, "_step": 28, "_wandb": {"runtime": 448}}