{"iter": 7000, "train/loss": 1.1517215967178345, "val/loss": 1.3286842107772827, "lr": 0.0001, "mfu": 7.413301838248468, "_timestamp": 1696061855.929537, "_runtime": 549.4727120399475, "_step": 28, "_wandb": {"runtime": 549}}