{"iter": 7000, "train/loss": 0.9842317700386047, "val/loss": 1.4873991012573242, "lr": 0.0001, "mfu": 8.768097635457066, "_timestamp": 1696024856.4672663, "_runtime": 452.96175742149353, "_step": 28, "_wandb": {"runtime": 451}}