{"iter": 4750, "train/loss": 0.8732512593269348, "val/loss": 1.5022462606430054, "lr": 0.00010576819746349742, "mfu": 9.898111426360447, "_timestamp": 1696027113.075834, "_runtime": 293.39709997177124, "_step": 19, "_wandb": {"runtime": 302}}