{"iter": 7000, "train/loss": 0.8321380615234375, "val/loss": 1.5206016302108765, "lr": 0.0001, "mfu": 8.96477390784433, "_timestamp": 1696050022.238552, "_runtime": 445.954882144928, "_step": 28, "_wandb": {"runtime": 445}}