{"iter": 7000, "train/loss": 1.044138789176941, "val/loss": 1.208627700805664, "lr": 0.0002, "mfu": 7.994797174506141, "_timestamp": 1696062632.558671, "_runtime": 524.2005820274353, "_step": 28, "_wandb": {"runtime": 523}}